Capacity(GB),Finish,product_code,Model,carrier_code
128GB,Midnight,MLHM3LL/A,iphone13 mini,ATT_IPHONE13
256GB,Midnight,MLHT3LL/A,iphone13 mini,ATT_IPHONE13
512GB,Midnight,MLHY3LL/A,iphone13 mini,ATT_IPHONE13
128GB,Blue,MLHR3LL/A,iphone13 mini,ATT_IPHONE13
256GB,Blue,MLHX3LL/A,iphone13 mini,ATT_IPHONE13
512GB,Blue,MLJ33LL/A,iphone13 mini,ATT_IPHONE13
128GB,Pink,MLHP3LL/A,iphone13 mini,ATT_IPHONE13
256GB,Pink,MLHV3LL/A,iphone13 mini,ATT_IPHONE13
512GB,Pink,MLJ13LL/A,iphone13 mini,ATT_IPHONE13
128GB,Starlight,MLHN3LL/A,iphone13 mini,ATT_IPHONE13
256GB,Starlight,MLHU3LL/A,iphone13 mini,ATT_IPHONE13
512GB,Starlight,MLJ03LL/A,iphone13 mini,ATT_IPHONE13
128GB,(PRODUCT)RED,MLHQ3LL/A,iphone13 mini,ATT_IPHONE13
256GB,(PRODUCT)RED,MLHW3LL/A,iphone13 mini,ATT_IPHONE13
512GB,(PRODUCT)RED,MLJ23LL/A,iphone13 mini,ATT_IPHONE13
128GB,Midnight,MLML3LL/A,iphone 13,ATT_IPHONE13
256GB,Midnight,MLMU3LL/A,iphone 13,ATT_IPHONE13
512GB,Midnight,MLN23LL/A,iphone 13,ATT_IPHONE13
128GB,Blue,MLMT3LL/A,iphone 13,ATT_IPHONE13
256GB,Blue,MLN13LL/A,iphone 13,ATT_IPHONE13
512GB,Blue,MLN83LL/A,iphone 13,ATT_IPHONE13
128GB,Pink,MLMN3LL/A,iphone 13,ATT_IPHONE13
256GB,Pink,MLMY3LL/A,iphone 13,ATT_IPHONE13
512GB,Pink,MLN43LL/A,iphone 13,ATT_IPHONE13
128GB,Starlight,MLMM3LL/A,iphone 13,ATT_IPHONE13
256GB,Starlight,MLMX3LL/A,iphone 13,ATT_IPHONE13
512GB,Starlight,MLN33LL/A,iphone 13,ATT_IPHONE13
128GB,(PRODUCT)RED,MLMQ3LL/A,iphone 13,ATT_IPHONE13
256GB,(PRODUCT)RED,MLN03LL/A,iphone 13,ATT_IPHONE13
512GB,(PRODUCT)RED,MLN53LL/A,iphone 13,ATT_IPHONE13
128GB,Sierra Blue,MLTT3LL/A,iphone 13 Pro,ATT_IPHONE13PRO
256GB,Sierra Blue,MLU03LL/A,iphone 13 Pro,ATT_IPHONE13PRO
512GB,Sierra Blue,MLU73LL/A,iphone 13 Pro,ATT_IPHONE13PRO
1TB,Sierra Blue,MLUD3LL/A,iphone 13 Pro,ATT_IPHONE13PRO
128GB,Gold,MLTR3LL/A,iphone 13 Pro,ATT_IPHONE13PRO
256GB,Gold,MLTY3LL/A,iphone 13 Pro,ATT_IPHONE13PRO
512GB,Gold,MLU43LL/A,iphone 13 Pro,ATT_IPHONE13PRO
1TB,Gold,MLUC3LL/A,iphone 13 Pro,ATT_IPHONE13PRO
128GB,Graphite,MLTP3LL/A,iphone 13 Pro,ATT_IPHONE13PRO
256GB,Graphite,MLTW3LL/A,iphone 13 Pro,ATT_IPHONE13PRO
512GB,Graphite,MLU13LL/A,iphone 13 Pro,ATT_IPHONE13PRO
1TB,Graphite,MLU93LL/A,iphone 13 Pro,ATT_IPHONE13PRO
128GB,Silver,MLTQ3LL/A,iphone 13 Pro,ATT_IPHONE13PRO
256GB,Silver,MLTX3LL/A,iphone 13 Pro,ATT_IPHONE13PRO
512GB,Silver,MLU33LL/A,iphone 13 Pro,ATT_IPHONE13PRO
1TB,Silver,MLUA3LL/A,iphone 13 Pro,ATT_IPHONE13PRO
128GB,Sierra Blue,MLKP3LL/A,iphone 13 Pro Max,ATT_IPHONE13PRO
256GB,Sierra Blue,MLKV3LL/A,iphone 13 Pro Max,ATT_IPHONE13PRO
512GB,Sierra Blue,MLL03LL/A,iphone 13 Pro Max,ATT_IPHONE13PRO
1TB,Sierra Blue,MLL53LL/A,iphone 13 Pro Max,ATT_IPHONE13PRO
128GB,Gold,MLKN3LL/A,iphone 13 Pro Max,ATT_IPHONE13PRO
256GB,Gold,MLKU3LL/A,iphone 13 Pro Max,ATT_IPHONE13PRO
512GB,Gold,MLKY3LL/A,iphone 13 Pro Max,ATT_IPHONE13PRO
1TB,Gold,MLL43LL/A,iphone 13 Pro Max,ATT_IPHONE13PRO
128GB,Graphite,MLKL3LL/A,iphone 13 Pro Max,ATT_IPHONE13PRO
256GB,Graphite,MLKR3LL/A,iphone 13 Pro Max,ATT_IPHONE13PRO
512GB,Graphite,MLKW3LL/A,iphone 13 Pro Max,ATT_IPHONE13PRO
1TB,Graphite,MLL23LL/A,iphone 13 Pro Max,ATT_IPHONE13PRO
128GB,Silver,MLKM3LL/A,iphone 13 Pro Max,ATT_IPHONE13PRO
256GB,Silver,MLKT3LL/A,iphone 13 Pro Max,ATT_IPHONE13PRO
512GB,Silver,MLKX3LL/A,iphone 13 Pro Max,ATT_IPHONE13PRO
1TB,Silver,MLL33LL/A,iphone 13 Pro Max,ATT_IPHONE13PRO
128GB,Midnight,MLHM3LL/A,iphone13 mini,SPRINT_IPHONE13
256GB,Midnight,MLHT3LL/A,iphone13 mini,SPRINT_IPHONE13
512GB,Midnight,MLHY3LL/A,iphone13 mini,SPRINT_IPHONE13
128GB,Blue,MLHR3LL/A,iphone13 mini,SPRINT_IPHONE13
256GB,Blue,MLHX3LL/A,iphone13 mini,SPRINT_IPHONE13
512GB,Blue,MLJ33LL/A,iphone13 mini,SPRINT_IPHONE13
128GB,Pink,MLHP3LL/A,iphone13 mini,SPRINT_IPHONE13
256GB,Pink,MLHV3LL/A,iphone13 mini,SPRINT_IPHONE13
512GB,Pink,MLJ13LL/A,iphone13 mini,SPRINT_IPHONE13
128GB,Starlight,MLHN3LL/A,iphone13 mini,SPRINT_IPHONE13
256GB,Starlight,MLHU3LL/A,iphone13 mini,SPRINT_IPHONE13
512GB,Starlight,MLJ03LL/A,iphone13 mini,SPRINT_IPHONE13
128GB,(PRODUCT)RED,MLHQ3LL/A,iphone13 mini,SPRINT_IPHONE13
256GB,(PRODUCT)RED,MLHW3LL/A,iphone13 mini,SPRINT_IPHONE13
512GB,(PRODUCT)RED,MLJ23LL/A,iphone13 mini,SPRINT_IPHONE13
128GB,Midnight,MLML3LL/A,iphone 13,SPRINT_IPHONE13
256GB,Midnight,MLMU3LL/A,iphone 13,SPRINT_IPHONE13
512GB,Midnight,MLN23LL/A,iphone 13,SPRINT_IPHONE13
128GB,Blue,MLMT3LL/A,iphone 13,SPRINT_IPHONE13
256GB,Blue,MLN13LL/A,iphone 13,SPRINT_IPHONE13
512GB,Blue,MLN83LL/A,iphone 13,SPRINT_IPHONE13
128GB,Pink,MLMN3LL/A,iphone 13,SPRINT_IPHONE13
256GB,Pink,MLMY3LL/A,iphone 13,SPRINT_IPHONE13
512GB,Pink,MLN43LL/A,iphone 13,SPRINT_IPHONE13
128GB,Starlight,MLMM3LL/A,iphone 13,SPRINT_IPHONE13
256GB,Starlight,MLMX3LL/A,iphone 13,SPRINT_IPHONE13
512GB,Starlight,MLN33LL/A,iphone 13,SPRINT_IPHONE13
128GB,(PRODUCT)RED,MLMQ3LL/A,iphone 13,SPRINT_IPHONE13
256GB,(PRODUCT)RED,MLN03LL/A,iphone 13,SPRINT_IPHONE13
512GB,(PRODUCT)RED,MLN53LL/A,iphone 13,SPRINT_IPHONE13
128GB,Sierra Blue,MLTT3LL/A,iphone 13 Pro,SPRINT_IPHONE13PRO
256GB,Sierra Blue,MLU03LL/A,iphone 13 Pro,SPRINT_IPHONE13PRO
512GB,Sierra Blue,MLU73LL/A,iphone 13 Pro,SPRINT_IPHONE13PRO
1TB,Sierra Blue,MLUD3LL/A,iphone 13 Pro,SPRINT_IPHONE13PRO
128GB,Gold,MLTR3LL/A,iphone 13 Pro,SPRINT_IPHONE13PRO
256GB,Gold,MLTY3LL/A,iphone 13 Pro,SPRINT_IPHONE13PRO
512GB,Gold,MLU43LL/A,iphone 13 Pro,SPRINT_IPHONE13PRO
1TB,Gold,MLUC3LL/A,iphone 13 Pro,SPRINT_IPHONE13PRO
128GB,Graphite,MLTP3LL/A,iphone 13 Pro,SPRINT_IPHONE13PRO
256GB,Graphite,MLTW3LL/A,iphone 13 Pro,SPRINT_IPHONE13PRO
512GB,Graphite,MLU13LL/A,iphone 13 Pro,SPRINT_IPHONE13PRO
1TB,Graphite,MLU93LL/A,iphone 13 Pro,SPRINT_IPHONE13PRO
128GB,Silver,MLTQ3LL/A,iphone 13 Pro,SPRINT_IPHONE13PRO
256GB,Silver,MLTX3LL/A,iphone 13 Pro,SPRINT_IPHONE13PRO
512GB,Silver,MLU33LL/A,iphone 13 Pro,SPRINT_IPHONE13PRO
1TB,Silver,MLUA3LL/A,iphone 13 Pro,SPRINT_IPHONE13PRO
128GB,Sierra Blue,MLKP3LL/A,iphone 13 Pro Max,SPRINT_IPHONE13PRO
256GB,Sierra Blue,MLKV3LL/A,iphone 13 Pro Max,SPRINT_IPHONE13PRO
512GB,Sierra Blue,MLL03LL/A,iphone 13 Pro Max,SPRINT_IPHONE13PRO
1TB,Sierra Blue,MLL53LL/A,iphone 13 Pro Max,SPRINT_IPHONE13PRO
128GB,Gold,MLKN3LL/A,iphone 13 Pro Max,SPRINT_IPHONE13PRO
256GB,Gold,MLKU3LL/A,iphone 13 Pro Max,SPRINT_IPHONE13PRO
512GB,Gold,MLKY3LL/A,iphone 13 Pro Max,SPRINT_IPHONE13PRO
1TB,Gold,MLL43LL/A,iphone 13 Pro Max,SPRINT_IPHONE13PRO
128GB,Graphite,MLKL3LL/A,iphone 13 Pro Max,SPRINT_IPHONE13PRO
256GB,Graphite,MLKR3LL/A,iphone 13 Pro Max,SPRINT_IPHONE13PRO
512GB,Graphite,MLKW3LL/A,iphone 13 Pro Max,SPRINT_IPHONE13PRO
1TB,Graphite,MLL23LL/A,iphone 13 Pro Max,SPRINT_IPHONE13PRO
128GB,Silver,MLKM3LL/A,iphone 13 Pro Max,SPRINT_IPHONE13PRO
256GB,Silver,MLKT3LL/A,iphone 13 Pro Max,SPRINT_IPHONE13PRO
512GB,Silver,MLKX3LL/A,iphone 13 Pro Max,SPRINT_IPHONE13PRO
1TB,Silver,MLL33LL/A,iphone 13 Pro Max,SPRINT_IPHONE13PRO
128GB,Midnight,MLHM3LL/A,iphone13 mini,TMOBILE_IPHONE13
256GB,Midnight,MLHT3LL/A,iphone13 mini,TMOBILE_IPHONE13
512GB,Midnight,MLHY3LL/A,iphone13 mini,TMOBILE_IPHONE13
128GB,Blue,MLHR3LL/A,iphone13 mini,TMOBILE_IPHONE13
256GB,Blue,MLHX3LL/A,iphone13 mini,TMOBILE_IPHONE13
512GB,Blue,MLJ33LL/A,iphone13 mini,TMOBILE_IPHONE13
128GB,Pink,MLHP3LL/A,iphone13 mini,TMOBILE_IPHONE13
256GB,Pink,MLHV3LL/A,iphone13 mini,TMOBILE_IPHONE13
512GB,Pink,MLJ13LL/A,iphone13 mini,TMOBILE_IPHONE13
128GB,Starlight,MLHN3LL/A,iphone13 mini,TMOBILE_IPHONE13
256GB,Starlight,MLHU3LL/A,iphone13 mini,TMOBILE_IPHONE13
512GB,Starlight,MLJ03LL/A,iphone13 mini,TMOBILE_IPHONE13
128GB,(PRODUCT)RED,MLHQ3LL/A,iphone13 mini,TMOBILE_IPHONE13
256GB,(PRODUCT)RED,MLHW3LL/A,iphone13 mini,TMOBILE_IPHONE13
512GB,(PRODUCT)RED,MLJ23LL/A,iphone13 mini,TMOBILE_IPHONE13
128GB,Midnight,MLML3LL/A,iphone 13,TMOBILE_IPHONE13
256GB,Midnight,MLMU3LL/A,iphone 13,TMOBILE_IPHONE13
512GB,Midnight,MLN23LL/A,iphone 13,TMOBILE_IPHONE13
128GB,Blue,MLMT3LL/A,iphone 13,TMOBILE_IPHONE13
256GB,Blue,MLN13LL/A,iphone 13,TMOBILE_IPHONE13
512GB,Blue,MLN83LL/A,iphone 13,TMOBILE_IPHONE13
128GB,Pink,MLMN3LL/A,iphone 13,TMOBILE_IPHONE13
256GB,Pink,MLMY3LL/A,iphone 13,TMOBILE_IPHONE13
512GB,Pink,MLN43LL/A,iphone 13,TMOBILE_IPHONE13
128GB,Starlight,MLMM3LL/A,iphone 13,TMOBILE_IPHONE13
256GB,Starlight,MLMX3LL/A,iphone 13,TMOBILE_IPHONE13
512GB,Starlight,MLN33LL/A,iphone 13,TMOBILE_IPHONE13
128GB,(PRODUCT)RED,MLMQ3LL/A,iphone 13,TMOBILE_IPHONE13
256GB,(PRODUCT)RED,MLN03LL/A,iphone 13,TMOBILE_IPHONE13
512GB,(PRODUCT)RED,MLN53LL/A,iphone 13,TMOBILE_IPHONE13
128GB,Sierra Blue,MLTT3LL/A,iphone 13 Pro,TMOBILE_IPHONE13PRO
256GB,Sierra Blue,MLU03LL/A,iphone 13 Pro,TMOBILE_IPHONE13PRO
512GB,Sierra Blue,MLU73LL/A,iphone 13 Pro,TMOBILE_IPHONE13PRO
1TB,Sierra Blue,MLUD3LL/A,iphone 13 Pro,TMOBILE_IPHONE13PRO
128GB,Gold,MLTR3LL/A,iphone 13 Pro,TMOBILE_IPHONE13PRO
256GB,Gold,MLTY3LL/A,iphone 13 Pro,TMOBILE_IPHONE13PRO
512GB,Gold,MLU43LL/A,iphone 13 Pro,TMOBILE_IPHONE13PRO
1TB,Gold,MLUC3LL/A,iphone 13 Pro,TMOBILE_IPHONE13PRO
128GB,Graphite,MLTP3LL/A,iphone 13 Pro,TMOBILE_IPHONE13PRO
256GB,Graphite,MLTW3LL/A,iphone 13 Pro,TMOBILE_IPHONE13PRO
512GB,Graphite,MLU13LL/A,iphone 13 Pro,TMOBILE_IPHONE13PRO
1TB,Graphite,MLU93LL/A,iphone 13 Pro,TMOBILE_IPHONE13PRO
128GB,Silver,MLTQ3LL/A,iphone 13 Pro,TMOBILE_IPHONE13PRO
256GB,Silver,MLTX3LL/A,iphone 13 Pro,TMOBILE_IPHONE13PRO
512GB,Silver,MLU33LL/A,iphone 13 Pro,TMOBILE_IPHONE13PRO
1TB,Silver,MLUA3LL/A,iphone 13 Pro,TMOBILE_IPHONE13PRO
128GB,Sierra Blue,MLKP3LL/A,iphone 13 Pro Max,TMOBILE_IPHONE13PRO
256GB,Sierra Blue,MLKV3LL/A,iphone 13 Pro Max,TMOBILE_IPHONE13PRO
512GB,Sierra Blue,MLL03LL/A,iphone 13 Pro Max,TMOBILE_IPHONE13PRO
1TB,Sierra Blue,MLL53LL/A,iphone 13 Pro Max,TMOBILE_IPHONE13PRO
128GB,Gold,MLKN3LL/A,iphone 13 Pro Max,TMOBILE_IPHONE13PRO
256GB,Gold,MLKU3LL/A,iphone 13 Pro Max,TMOBILE_IPHONE13PRO
512GB,Gold,MLKY3LL/A,iphone 13 Pro Max,TMOBILE_IPHONE13PRO
1TB,Gold,MLL43LL/A,iphone 13 Pro Max,TMOBILE_IPHONE13PRO
128GB,Graphite,MLKL3LL/A,iphone 13 Pro Max,TMOBILE_IPHONE13PRO
256GB,Graphite,MLKR3LL/A,iphone 13 Pro Max,TMOBILE_IPHONE13PRO
512GB,Graphite,MLKW3LL/A,iphone 13 Pro Max,TMOBILE_IPHONE13PRO
1TB,Graphite,MLL23LL/A,iphone 13 Pro Max,TMOBILE_IPHONE13PRO
128GB,Silver,MLKM3LL/A,iphone 13 Pro Max,TMOBILE_IPHONE13PRO
256GB,Silver,MLKT3LL/A,iphone 13 Pro Max,TMOBILE_IPHONE13PRO
512GB,Silver,MLKX3LL/A,iphone 13 Pro Max,TMOBILE_IPHONE13PRO
1TB,Silver,MLL33LL/A,iphone 13 Pro Max,TMOBILE_IPHONE13PRO
128GB,Midnight,MLHM3LL/A,iphone13 mini,VERIZON_IPHONE13
256GB,Midnight,MLHT3LL/A,iphone13 mini,VERIZON_IPHONE13
512GB,Midnight,MLHY3LL/A,iphone13 mini,VERIZON_IPHONE13
128GB,Blue,MLHR3LL/A,iphone13 mini,VERIZON_IPHONE13
256GB,Blue,MLHX3LL/A,iphone13 mini,VERIZON_IPHONE13
512GB,Blue,MLJ33LL/A,iphone13 mini,VERIZON_IPHONE13
128GB,Pink,MLHP3LL/A,iphone13 mini,VERIZON_IPHONE13
256GB,Pink,MLHV3LL/A,iphone13 mini,VERIZON_IPHONE13
512GB,Pink,MLJ13LL/A,iphone13 mini,VERIZON_IPHONE13
128GB,Starlight,MLHN3LL/A,iphone13 mini,VERIZON_IPHONE13
256GB,Starlight,MLHU3LL/A,iphone13 mini,VERIZON_IPHONE13
512GB,Starlight,MLJ03LL/A,iphone13 mini,VERIZON_IPHONE13
128GB,(PRODUCT)RED,MLHQ3LL/A,iphone13 mini,VERIZON_IPHONE13
256GB,(PRODUCT)RED,MLHW3LL/A,iphone13 mini,VERIZON_IPHONE13
512GB,(PRODUCT)RED,MLJ23LL/A,iphone13 mini,VERIZON_IPHONE13
128GB,Midnight,MLML3LL/A,iphone 13,VERIZON_IPHONE13
256GB,Midnight,MLMU3LL/A,iphone 13,VERIZON_IPHONE13
512GB,Midnight,MLN23LL/A,iphone 13,VERIZON_IPHONE13
128GB,Blue,MLMT3LL/A,iphone 13,VERIZON_IPHONE13
256GB,Blue,MLN13LL/A,iphone 13,VERIZON_IPHONE13
512GB,Blue,MLN83LL/A,iphone 13,VERIZON_IPHONE13
128GB,Pink,MLMN3LL/A,iphone 13,VERIZON_IPHONE13
256GB,Pink,MLMY3LL/A,iphone 13,VERIZON_IPHONE13
512GB,Pink,MLN43LL/A,iphone 13,VERIZON_IPHONE13
128GB,Starlight,MLMM3LL/A,iphone 13,VERIZON_IPHONE13
256GB,Starlight,MLMX3LL/A,iphone 13,VERIZON_IPHONE13
512GB,Starlight,MLN33LL/A,iphone 13,VERIZON_IPHONE13
128GB,(PRODUCT)RED,MLMQ3LL/A,iphone 13,VERIZON_IPHONE13
256GB,(PRODUCT)RED,MLN03LL/A,iphone 13,VERIZON_IPHONE13
512GB,(PRODUCT)RED,MLN53LL/A,iphone 13,VERIZON_IPHONE13
128GB,Sierra Blue,MLTT3LL/A,iphone 13 Pro,VERIZON_IPHONE13PRO
256GB,Sierra Blue,MLU03LL/A,iphone 13 Pro,VERIZON_IPHONE13PRO
512GB,Sierra Blue,MLU73LL/A,iphone 13 Pro,VERIZON_IPHONE13PRO
1TB,Sierra Blue,MLUD3LL/A,iphone 13 Pro,VERIZON_IPHONE13PRO
128GB,Gold,MLTR3LL/A,iphone 13 Pro,VERIZON_IPHONE13PRO
256GB,Gold,MLTY3LL/A,iphone 13 Pro,VERIZON_IPHONE13PRO
512GB,Gold,MLU43LL/A,iphone 13 Pro,VERIZON_IPHONE13PRO
1TB,Gold,MLUC3LL/A,iphone 13 Pro,VERIZON_IPHONE13PRO
128GB,Graphite,MLTP3LL/A,iphone 13 Pro,VERIZON_IPHONE13PRO
256GB,Graphite,MLTW3LL/A,iphone 13 Pro,VERIZON_IPHONE13PRO
512GB,Graphite,MLU13LL/A,iphone 13 Pro,VERIZON_IPHONE13PRO
1TB,Graphite,MLU93LL/A,iphone 13 Pro,VERIZON_IPHONE13PRO
128GB,Silver,MLTQ3LL/A,iphone 13 Pro,VERIZON_IPHONE13PRO
256GB,Silver,MLTX3LL/A,iphone 13 Pro,VERIZON_IPHONE13PRO
512GB,Silver,MLU33LL/A,iphone 13 Pro,VERIZON_IPHONE13PRO
1TB,Silver,MLUA3LL/A,iphone 13 Pro,VERIZON_IPHONE13PRO
128GB,Sierra Blue,MLKP3LL/A,iphone 13 Pro Max,VERIZON_IPHONE13PRO
256GB,Sierra Blue,MLKV3LL/A,iphone 13 Pro Max,VERIZON_IPHONE13PRO
512GB,Sierra Blue,MLL03LL/A,iphone 13 Pro Max,VERIZON_IPHONE13PRO
1TB,Sierra Blue,MLL53LL/A,iphone 13 Pro Max,VERIZON_IPHONE13PRO
128GB,Gold,MLKN3LL/A,iphone 13 Pro Max,VERIZON_IPHONE13PRO
256GB,Gold,MLKU3LL/A,iphone 13 Pro Max,VERIZON_IPHONE13PRO
512GB,Gold,MLKY3LL/A,iphone 13 Pro Max,VERIZON_IPHONE13PRO
1TB,Gold,MLL43LL/A,iphone 13 Pro Max,VERIZON_IPHONE13PRO
128GB,Graphite,MLKL3LL/A,iphone 13 Pro Max,VERIZON_IPHONE13PRO
256GB,Graphite,MLKR3LL/A,iphone 13 Pro Max,VERIZON_IPHONE13PRO
512GB,Graphite,MLKW3LL/A,iphone 13 Pro Max,VERIZON_IPHONE13PRO
1TB,Graphite,MLL23LL/A,iphone 13 Pro Max,VERIZON_IPHONE13PRO
128GB,Silver,MLKM3LL/A,iphone 13 Pro Max,VERIZON_IPHONE13PRO
256GB,Silver,MLKT3LL/A,iphone 13 Pro Max,VERIZON_IPHONE13PRO
512GB,Silver,MLKX3LL/A,iphone 13 Pro Max,VERIZON_IPHONE13PRO
1TB,Silver,MLL33LL/A,iphone 13 Pro Max,VERIZON_IPHONE13PRO
128GB,Midnight,MLHM3LL/A,iphone13 mini,UNLOCKED/US
256GB,Midnight,MLHT3LL/A,iphone13 mini,UNLOCKED/US
512GB,Midnight,MLHY3LL/A,iphone13 mini,UNLOCKED/US
128GB,Blue,MLHR3LL/A,iphone13 mini,UNLOCKED/US
256GB,Blue,MLHX3LL/A,iphone13 mini,UNLOCKED/US
512GB,Blue,MLJ33LL/A,iphone13 mini,UNLOCKED/US
128GB,Pink,MLHP3LL/A,iphone13 mini,UNLOCKED/US
256GB,Pink,MLHV3LL/A,iphone13 mini,UNLOCKED/US
512GB,Pink,MLJ13LL/A,iphone13 mini,UNLOCKED/US
128GB,Starlight,MLHN3LL/A,iphone13 mini,UNLOCKED/US
256GB,Starlight,MLHU3LL/A,iphone13 mini,UNLOCKED/US
512GB,Starlight,MLJ03LL/A,iphone13 mini,UNLOCKED/US
128GB,(PRODUCT)RED,MLHQ3LL/A,iphone13 mini,UNLOCKED/US
256GB,(PRODUCT)RED,MLHW3LL/A,iphone13 mini,UNLOCKED/US
512GB,(PRODUCT)RED,MLJ23LL/A,iphone13 mini,UNLOCKED/US
128GB,Midnight,MLML3LL/A,iphone 13,UNLOCKED/US
256GB,Midnight,MLMU3LL/A,iphone 13,UNLOCKED/US
512GB,Midnight,MLN23LL/A,iphone 13,UNLOCKED/US
128GB,Blue,MLMT3LL/A,iphone 13,UNLOCKED/US
256GB,Blue,MLN13LL/A,iphone 13,UNLOCKED/US
512GB,Blue,MLN83LL/A,iphone 13,UNLOCKED/US
128GB,Pink,MLMN3LL/A,iphone 13,UNLOCKED/US
256GB,Pink,MLMY3LL/A,iphone 13,UNLOCKED/US
512GB,Pink,MLN43LL/A,iphone 13,UNLOCKED/US
128GB,Starlight,MLMM3LL/A,iphone 13,UNLOCKED/US
256GB,Starlight,MLMX3LL/A,iphone 13,UNLOCKED/US
512GB,Starlight,MLN33LL/A,iphone 13,UNLOCKED/US
128GB,(PRODUCT)RED,MLMQ3LL/A,iphone 13,UNLOCKED/US
256GB,(PRODUCT)RED,MLN03LL/A,iphone 13,UNLOCKED/US
512GB,(PRODUCT)RED,MLN53LL/A,iphone 13,UNLOCKED/US
128GB,Sierra Blue,MLTT3LL/A,iphone 13 Pro,UNLOCKED/US
256GB,Sierra Blue,MLU03LL/A,iphone 13 Pro,UNLOCKED/US
512GB,Sierra Blue,MLU73LL/A,iphone 13 Pro,UNLOCKED/US
1TB,Sierra Blue,MLUD3LL/A,iphone 13 Pro,UNLOCKED/US
128GB,Gold,MLTR3LL/A,iphone 13 Pro,UNLOCKED/US
256GB,Gold,MLTY3LL/A,iphone 13 Pro,UNLOCKED/US
512GB,Gold,MLU43LL/A,iphone 13 Pro,UNLOCKED/US
1TB,Gold,MLUC3LL/A,iphone 13 Pro,UNLOCKED/US
128GB,Graphite,MLTP3LL/A,iphone 13 Pro,UNLOCKED/US
256GB,Graphite,MLTW3LL/A,iphone 13 Pro,UNLOCKED/US
512GB,Graphite,MLU13LL/A,iphone 13 Pro,UNLOCKED/US
1TB,Graphite,MLU93LL/A,iphone 13 Pro,UNLOCKED/US
128GB,Silver,MLTQ3LL/A,iphone 13 Pro,UNLOCKED/US
256GB,Silver,MLTX3LL/A,iphone 13 Pro,UNLOCKED/US
512GB,Silver,MLU33LL/A,iphone 13 Pro,UNLOCKED/US
1TB,Silver,MLUA3LL/A,iphone 13 Pro,UNLOCKED/US
128GB,Sierra Blue,MLKP3LL/A,iphone 13 Pro Max,UNLOCKED/US
256GB,Sierra Blue,MLKV3LL/A,iphone 13 Pro Max,UNLOCKED/US
512GB,Sierra Blue,MLL03LL/A,iphone 13 Pro Max,UNLOCKED/US
1TB,Sierra Blue,MLL53LL/A,iphone 13 Pro Max,UNLOCKED/US
128GB,Gold,MLKN3LL/A,iphone 13 Pro Max,UNLOCKED/US
256GB,Gold,MLKU3LL/A,iphone 13 Pro Max,UNLOCKED/US
512GB,Gold,MLKY3LL/A,iphone 13 Pro Max,UNLOCKED/US
1TB,Gold,MLL43LL/A,iphone 13 Pro Max,UNLOCKED/US
128GB,Graphite,MLKL3LL/A,iphone 13 Pro Max,UNLOCKED/US
256GB,Graphite,MLKR3LL/A,iphone 13 Pro Max,UNLOCKED/US
512GB,Graphite,MLKW3LL/A,iphone 13 Pro Max,UNLOCKED/US
1TB,Graphite,MLL23LL/A,iphone 13 Pro Max,UNLOCKED/US
128GB,Silver,MLKM3LL/A,iphone 13 Pro Max,UNLOCKED/US
256GB,Silver,MLKT3LL/A,iphone 13 Pro Max,UNLOCKED/US
512GB,Silver,MLKX3LL/A,iphone 13 Pro Max,UNLOCKED/US
1TB,Silver,MLL33LL/A,iphone 13 Pro Max,UNLOCKED/US
64GB,White,MG8G3LL/A,iphone 12 mini ,UNLOCKED/US
128GB,White,MG8M3LL/A,iphone 12 mini ,UNLOCKED/US
256GB,White,MG8T3LL/A,iphone 12 mini ,UNLOCKED/US
64GB,Black,MG8F3LL/A,iphone 12 mini ,UNLOCKED/US
128GB,Black,MG8L3LL/A,iphone 12 mini ,UNLOCKED/US
256GB,Black,MG8R3LL/A,iphone 12 mini ,UNLOCKED/US
64GB,Blue,MG8J3LL/A,iphone 12 mini ,UNLOCKED/US
128GB,Blue,MG8P3LL/A,iphone 12 mini ,UNLOCKED/US
256GB,Blue,MG8V3LL/A,iphone 12 mini ,UNLOCKED/US
64GB,Green,MG8K3LL/A,iphone 12 mini ,UNLOCKED/US
128GB,Green,MG8Q3LL/A,iphone 12 mini ,UNLOCKED/US
256GB,Green,MG8W3LL/A,iphone 12 mini ,UNLOCKED/US
64GB,Red,MG8H3LL/A,iphone 12 mini ,UNLOCKED/US
128GB,Red,MG8N3LL/A,iphone 12 mini ,UNLOCKED/US
256GB,Red,MG8U3LL/A,iphone 12 mini ,UNLOCKED/US
64GB,White,MG713LL/A,iphone 12 mini ,TMOBILE_IPHONE12
128GB,White,MG763LL/A,iphone 12 mini ,TMOBILE_IPHONE12
256GB,White,MG7C3LL/A,iphone 12 mini ,TMOBILE_IPHONE12
64GB,Black,MG703LL/A,iphone 12 mini ,TMOBILE_IPHONE12
128GB,Black,MG753LL/A,iphone 12 mini ,TMOBILE_IPHONE12
256GB,Black,MG7A3LL/A,iphone 12 mini ,TMOBILE_IPHONE12
64GB,Blue,MG733LL/A,iphone 12 mini ,TMOBILE_IPHONE12
128GB,Blue,MG783LL/A,iphone 12 mini ,TMOBILE_IPHONE12
256GB,Blue,MG7E3LL/A,iphone 12 mini ,TMOBILE_IPHONE12
64GB,Green,MG743LL/A,iphone 12 mini ,TMOBILE_IPHONE12
128GB,Green,MG793LL/A,iphone 12 mini ,TMOBILE_IPHONE12
256GB,Green,MG7F3LL/A,iphone 12 mini ,TMOBILE_IPHONE12
64GB,Red,MG723LL/A,iphone 12 mini ,TMOBILE_IPHONE12
128GB,Red,MG773LL/A,iphone 12 mini ,TMOBILE_IPHONE12
256GB,Red,MG7D3LL/A,iphone 12 mini ,TMOBILE_IPHONE12
64GB,White,MG6H3LL/A,iphone 12 mini ,VERIZON_IPHONE12
128GB,White,MG6N3LL/A,iphone 12 mini ,VERIZON_IPHONE12
256GB,White,MG6V3LL/A,iphone 12 mini ,VERIZON_IPHONE12
64GB,Black,MG6G3LL/A,iphone 12 mini ,VERIZON_IPHONE12
128GB,Black,MG6M3LL/A,iphone 12 mini ,VERIZON_IPHONE12
256GB,Black,MG6U3LL/A,iphone 12 mini ,VERIZON_IPHONE12
64GB,Blue,MG6K3LL/A,iphone 12 mini ,VERIZON_IPHONE12
128GB,Blue,MG6Q3LL/A,iphone 12 mini ,VERIZON_IPHONE12
256GB,Blue,MG6X3LL/A,iphone 12 mini ,VERIZON_IPHONE12
64GB,Green,MG6L3LL/A,iphone 12 mini ,VERIZON_IPHONE12
128GB,Green,MG6T3LL/A,iphone 12 mini ,VERIZON_IPHONE12
256GB,Green,MG6Y3LL/A,iphone 12 mini ,VERIZON_IPHONE12
64GB,Red,MG6J3LL/A,iphone 12 mini ,VERIZON_IPHONE12
128GB,Red,MG6P3LL/A,iphone 12 mini ,VERIZON_IPHONE12
256GB,Red,MG6W3LL/A,iphone 12 mini ,VERIZON_IPHONE12
64GB,White,MG613LL/A,iphone 12 mini ,ATT_IPHONE12
128GB,White,MG663LL/A,iphone 12 mini ,ATT_IPHONE12
256GB,White,MG6C3LL/A,iphone 12 mini ,ATT_IPHONE12
64GB,Black,MG603LL/A,iphone 12 mini ,ATT_IPHONE12
128GB,Black,MG653LL/A,iphone 12 mini ,ATT_IPHONE12
256GB,Black,MG6A3LL/A,iphone 12 mini ,ATT_IPHONE12
64GB,Blue,MG633LL/A,iphone 12 mini ,ATT_IPHONE12
128GB,Blue,MG683LL/A,iphone 12 mini ,ATT_IPHONE12
256GB,Blue,MG6E3LL/A,iphone 12 mini ,ATT_IPHONE12
64GB,Green,MG643LL/A,iphone 12 mini ,ATT_IPHONE12
128GB,Green,MG693LL/A,iphone 12 mini ,ATT_IPHONE12
256GB,Green,MG6F3LL/A,iphone 12 mini ,ATT_IPHONE12
64GB,Red,MG623LL/A,iphone 12 mini ,ATT_IPHONE12
128GB,Red,MG673LL/A,iphone 12 mini ,ATT_IPHONE12
256GB,Red,MG6D3LL/A,iphone 12 mini ,ATT_IPHONE12
64GB,White,MGH73LL/A,iphone 12,UNLOCKED/US
128GB,White,MGHD3LL/A,iphone 12,UNLOCKED/US
256GB,White,MGHJ3LL/A,iphone 12,UNLOCKED/US
64GB,Black,MGH63LL/A,iphone 12,UNLOCKED/US
128GB,Black,MGHC3LL/A,iphone 12,UNLOCKED/US
256GB,Black,MGHH3LL/A,iphone 12,UNLOCKED/US
64GB,Blue,MGH93LL/A,iphone 12,UNLOCKED/US
128GB,Blue,MGHF3LL/A,iphone 12,UNLOCKED/US
256GB,Blue,MGHL3LL/A,iphone 12,UNLOCKED/US
64GB,Green,MGHA3LL/A,iphone 12,UNLOCKED/US
128GB,Green,MGHG3LL/A,iphone 12,UNLOCKED/US
256GB,Green,MGHM3LL/A,iphone 12,UNLOCKED/US
64GB,Red,MGH83LL/A,iphone 12,UNLOCKED/US
128GB,Red,MGHE3LL/A,iphone 12,UNLOCKED/US
256GB,Red,MGHK3LL/A,iphone 12,UNLOCKED/US
64GB,White,MGFM3LL/A,iphone 12,TMOBILE_IPHONE12
128GB,White,MGFT3LL/A,iphone 12,TMOBILE_IPHONE12
256GB,White,MGG13LL/A,iphone 12,TMOBILE_IPHONE12
64GB,Black,MGFL3LL/A,iphone 12,TMOBILE_IPHONE12
128GB,Black,MGFR3LL/A,iphone 12,TMOBILE_IPHONE12
256GB,Black,MGG03LL/A,iphone 12,TMOBILE_IPHONE12
64GB,Blue,MGFP3LL/A,iphone 12,TMOBILE_IPHONE12
128GB,Blue,MGFX3LL/A,iphone 12,TMOBILE_IPHONE12
256GB,Blue,MGG33LL/A,iphone 12,TMOBILE_IPHONE12
64GB,Green,MGFQ3LL/A,iphone 12,TMOBILE_IPHONE12
128GB,Green,MGFY3LL/A,iphone 12,TMOBILE_IPHONE12
256GB,Green,MGG43LL/A,iphone 12,TMOBILE_IPHONE12
64GB,Red,MGFN3LL/A,iphone 12,TMOBILE_IPHONE12
128GB,Red,MGFW3LL/A,iphone 12,TMOBILE_IPHONE12
256GB,Red,MGG23LL/A,iphone 12,TMOBILE_IPHONE12
64GB,White,MGEG3LL/A,iphone 12,ATT_IPHONE12
128GB,White,MGET3LL/A,iphone 12,ATT_IPHONE12
256GB,White,MGF03LL/A,iphone 12,ATT_IPHONE12
64GB,Black,MGEF3LL/A,iphone 12,ATT_IPHONE12
128GB,Black,MGER3LL/A,iphone 12,ATT_IPHONE12
256GB,Black,MGEX3LL/A,iphone 12,ATT_IPHONE12
64GB,Blue,MGEK3LL/A,iphone 12,ATT_IPHONE12
128GB,Blue,MGEV3LL/A,iphone 12,ATT_IPHONE12
256GB,Blue,MGF23LL/A,iphone 12,ATT_IPHONE12
64GB,Green,MGEQ3LL/A,iphone 12,ATT_IPHONE12
128GB,Green,MGEW3LL/A,iphone 12,ATT_IPHONE12
256GB,Green,MGF33LL/A,iphone 12,ATT_IPHONE12
64GB,Red,MGEH3LL/A,iphone 12,ATT_IPHONE12
128GB,Red,MGEU3LL/A,iphone 12,ATT_IPHONE12
256GB,Red,MGF13LL/A,iphone 12,ATT_IPHONE12
64GB,White,MGF53LL/A,iphone 12,VERIZON_IPHONE12
128GB,White,MGFA3LL/A,iphone 12,VERIZON_IPHONE12
256GB,White,MGFG3LL/A,iphone 12,VERIZON_IPHONE12
64GB,Black,MGF43LL/A,iphone 12,VERIZON_IPHONE12
128GB,Black,MGF93LL/A,iphone 12,VERIZON_IPHONE12
256GB,Black,MGFF3LL/A,iphone 12,VERIZON_IPHONE12
64GB,Blue,MGF73LL/A,iphone 12,VERIZON_IPHONE12
128GB,Blue,MGFD3LL/A,iphone 12,VERIZON_IPHONE12
256GB,Blue,MGFJ3LL/A,iphone 12,VERIZON_IPHONE12
64GB,Green,MGF83LL/A,iphone 12,VERIZON_IPHONE12
128GB,Green,MGFE3LL/A,iphone 12,VERIZON_IPHONE12
256GB,Green,MGFK3LL/A,iphone 12,VERIZON_IPHONE12
64GB,Red,MGF63LL/A,iphone 12,VERIZON_IPHONE12
128GB,Red,MGFC3LL/A,iphone 12,VERIZON_IPHONE12
256GB,Red,MGFH3LL/A,iphone 12,VERIZON_IPHONE12
,,MH8D3LL/A,iphone 11,ATT_IPHONE11
,,MH8E3LL/A,iphone 11,ATT_IPHONE11
,,MH8F3LL/A,iphone 11,ATT_IPHONE11
,,MH8G3LL/A,iphone 11,ATT_IPHONE11
,,MH8H3LL/A,iphone 11,ATT_IPHONE11
,,MH8J3LL/A,iphone 11,ATT_IPHONE11
,,MH8K3LL/A,iphone 11,ATT_IPHONE11
,,MH8L3LL/A,iphone 11,ATT_IPHONE11
,,MH8M3LL/A,iphone 11,ATT_IPHONE11
,,MH8N3LL/A,iphone 11,ATT_IPHONE11
,,MH8P3LL/A,iphone 11,ATT_IPHONE11
,,MH8Q3LL/A,iphone 11,ATT_IPHONE11
,,MH8Y3LL/A,iphone 11,TMOBILE_IPHONE11
,,MH903LL/A,iphone 11,TMOBILE_IPHONE11
,,MH913LL/A,iphone 11,TMOBILE_IPHONE11
,,MH923LL/A,iphone 11,TMOBILE_IPHONE11
,,MH933LL/A,iphone 11,TMOBILE_IPHONE11
,,MH943LL/A,iphone 11,TMOBILE_IPHONE11
,,MH953LL/A,iphone 11,TMOBILE_IPHONE11
,,MH963LL/A,iphone 11,TMOBILE_IPHONE11
,,MH973LL/A,iphone 11,TMOBILE_IPHONE11
,,MH983LL/A,iphone 11,TMOBILE_IPHONE11
,,MH993LL/A,iphone 11,TMOBILE_IPHONE11
,,MH9A3LL/A,iphone 11,TMOBILE_IPHONE11
,,MHC43LL/A,iphone 11,VERIZON_IPHONE11
,,MHC53LL/A,iphone 11,VERIZON_IPHONE11
,,MHC63LL/A,iphone 11,VERIZON_IPHONE11
,,MHC73LL/A,iphone 11,VERIZON_IPHONE11
,,MHC83LL/A,iphone 11,VERIZON_IPHONE11
,,MHC93LL/A,iphone 11,VERIZON_IPHONE11
,,MHCA3LL/A,iphone 11,VERIZON_IPHONE11
,,MHCC3LL/A,iphone 11,VERIZON_IPHONE11
,,MHCD3LL/A,iphone 11,VERIZON_IPHONE11
,,MHCE3LL/A,iphone 11,VERIZON_IPHONE11
,,MHCF3LL/A,iphone 11,VERIZON_IPHONE11
,,MHCG3LL/A,iphone 11,VERIZON_IPHONE11
,,MHCP3LL/A,iphone 11,UNLOCKED/US
,,MHCQ3LL/A,iphone 11,UNLOCKED/US
,,MHCR3LL/A,iphone 11,UNLOCKED/US
,,MHCU3LL/A,iphone 11,UNLOCKED/US
,,MHCV3LL/A,iphone 11,UNLOCKED/US
,,MHCW3LL/A,iphone 11,UNLOCKED/US
,,MHCX3LL/A,iphone 11,UNLOCKED/US
,,MHCY3LL/A,iphone 11,UNLOCKED/US
,,MHD03LL/A,iphone 11,UNLOCKED/US
,,MHD13LL/A,iphone 11,UNLOCKED/US
,,MHD23LL/A,iphone 11,UNLOCKED/US
,,MHD33LL/A,iphone 11,UNLOCKED/US